measure,location,sex,age,cause,metric,year,val,upper,lower
Deaths,France,Both,All Ages,Respiratory infections and tuberculosis,Rate,2018,35.41528807272889,39.94016649105926,28.4454969126658
Deaths,France,Both,All Ages,Other infectious diseases,Rate,2018,2.049706004581094,2.52514848617865,1.70438857902914
Deaths,Iraq,Both,All Ages,Respiratory infections and tuberculosis,Rate,2018,10.133878593020002,12.31468047707568,8.254947547376775
Deaths,Burundi,Both,All Ages,Respiratory infections and tuberculosis,Rate,2018,130.88730855960125,167.8636238223828,98.3747030999923
Deaths,Guinea,Both,All Ages,Respiratory infections and tuberculosis,Rate,2018,152.3494622132888,195.8182320917215,117.90583742789259
Deaths,Guinea,Both,All Ages,Other infectious diseases,Rate,2018,60.260917874933305,93.95632537882028,37.63488974687585
Deaths,Armenia,Both,All Ages,Respiratory infections and tuberculosis,Rate,2018,21.137596409248577,23.88490368393234,18.58256781698992
Deaths,Armenia,Both,All Ages,Other infectious diseases,Rate,2018,0.8836979723845269,1.0228429022414096,0.7584423610280914
Deaths,Sri Lanka,Both,All Ages,Other infectious diseases,Rate,2018,4.976311506541466,6.542760555016094,3.7434625222670626
Deaths,Burundi,Both,All Ages,Other infectious diseases,Rate,2018,21.461002924647236,31.98811242480206,14.70395639136331
Deaths,Grenada,Both,All Ages,Respiratory infections and tuberculosis,Rate,2018,45.984149065538006,51.03704301276318,40.757141819304664
Deaths,Grenada,Both,All Ages,Other infectious diseases,Rate,2018,2.503992749370616,3.1963893157594643,1.9865687403094232
Deaths,Jordan,Both,All Ages,Respiratory infections and tuberculosis,Rate,2018,9.35232254826224,11.21764307775081,7.829411767510558
Deaths,Jordan,Both,All Ages,Other infectious diseases,Rate,2018,1.6970196402173234,2.7523266002077387,1.1390560982263185
Deaths,Sri Lanka,Both,All Ages,Respiratory infections and tuberculosis,Rate,2018,25.28823469879326,32.961974198143565,19.118151496851304
Deaths,Afghanistan,Both,All Ages,Respiratory infections and tuberculosis,Rate,2018,61.257491966538744,74.92296381094792,48.06684407638508
Deaths,Afghanistan,Both,All Ages,Other infectious diseases,Rate,2018,36.660291497493105,57.10196441771931,24.22536361338369
Deaths,Guatemala,Both,All Ages,Respiratory infections and tuberculosis,Rate,2018,57.70359046169786,69.20494862918373,47.802265748346585
Deaths,Guatemala,Both,All Ages,Other infectious diseases,Rate,2018,2.85496539624204,4.45340780194481,2.2200977013456753
Deaths,Argentina,Both,All Ages,Respiratory infections and tuberculosis,Rate,2018,83.18769706442899,89.64866026206225,74.51654095555757
Deaths,Argentina,Both,All Ages,Other infectious diseases,Rate,2018,2.1246121493030725,2.394614455019924,1.954102920765425
Deaths,North Macedonia,Both,All Ages,Respiratory infections and tuberculosis,Rate,2018,10.138378553463706,13.36411255275653,8.224024131896984
Deaths,North Macedonia,Both,All Ages,Other infectious diseases,Rate,2018,1.248191172473431,1.8080325476754335,0.9028418968927336
Deaths,Guyana,Both,All Ages,Respiratory infections and tuberculosis,Rate,2018,42.15221638956143,52.22798272204955,33.546659977503175
Deaths,Honduras,Both,All Ages,Respiratory infections and tuberculosis,Rate,2018,17.38381459813177,21.61747324995977,14.279926994805077
Deaths,Sudan,Both,All Ages,Respiratory infections and tuberculosis,Rate,2018,21.04967323518747,27.34678333113939,15.369470380828098
Deaths,Sudan,Both,All Ages,Other infectious diseases,Rate,2018,9.562828400380857,16.714383315459997,5.285399851244813
Deaths,Guinea-Bissau,Both,All Ages,Respiratory infections and tuberculosis,Rate,2018,100.79074956120073,123.4202279888712,80.60562161822993
Deaths,Guinea-Bissau,Both,All Ages,Other infectious diseases,Rate,2018,57.92276325637522,94.68117214809656,33.409873157851706
Deaths,Kuwait,Both,All Ages,Respiratory infections and tuberculosis,Rate,2018,15.649434649566482,18.267706951220774,12.960479164091291
Deaths,Kuwait,Both,All Ages,Other infectious diseases,Rate,2018,0.5386544643947925,0.6463161976910525,0.4556861813003387
Deaths,Germany,Both,All Ages,Respiratory infections and tuberculosis,Rate,2018,29.471263848658232,32.310443163350755,25.88331211349871
Deaths,Germany,Both,All Ages,Other infectious diseases,Rate,2018,1.5953452301762756,1.863161963302133,1.3521317562381385
Deaths,Guyana,Both,All Ages,Other infectious diseases,Rate,2018,3.341588481422282,4.32611789891217,2.512287271350849
Deaths,Honduras,Both,All Ages,Other infectious diseases,Rate,2018,5.135134243190142,7.692630813660495,3.4847891902525827
Deaths,Poland,Both,All Ages,Respiratory infections and tuberculosis,Rate,2018,32.322839188964124,36.66929861098723,27.90310946419285
Deaths,Tuvalu,Both,All Ages,Respiratory infections and tuberculosis,Rate,2018,49.736508796248295,64.86661377554331,38.73767062976874
Deaths,Tuvalu,Both,All Ages,Other infectious diseases,Rate,2018,6.86100599483553,10.470747031300286,4.308147507780638
Deaths,Botswana,Both,All Ages,Respiratory infections and tuberculosis,Rate,2018,101.83331167767554,133.53779345931855,76.43669910469872
Deaths,Botswana,Both,All Ages,Other infectious diseases,Rate,2018,10.394752080498288,15.727045848304384,7.1653201794593935
Deaths,Greece,Both,All Ages,Respiratory infections and tuberculosis,Rate,2018,57.8089180115377,63.71747979279001,49.57664556180671
Deaths,Greece,Both,All Ages,Other infectious diseases,Rate,2018,1.292900127580199,1.4219813987983365,1.1393758844421569
Deaths,Thailand,Both,All Ages,Respiratory infections and tuberculosis,Rate,2018,54.431611819831666,68.70204429707154,37.694532797724165
Deaths,Thailand,Both,All Ages,Other infectious diseases,Rate,2018,4.9588470785987395,6.388019905581873,3.829833629565518
Deaths,Brunei Darussalam,Both,All Ages,Respiratory infections and tuberculosis,Rate,2018,23.02951798676087,26.23062875574299,19.712164762729138
Deaths,Brunei Darussalam,Both,All Ages,Other infectious diseases,Rate,2018,3.0712202381890537,3.6078914231609844,2.489576082930636
Deaths,Tokelau,Both,All Ages,Other infectious diseases,Rate,2018,5.892914892834457,8.711907689548934,3.652378930514575
Deaths,Iceland,Both,All Ages,Respiratory infections and tuberculosis,Rate,2018,29.539232017732846,33.89606906612118,23.545058577459265
Deaths,Iceland,Both,All Ages,Other infectious diseases,Rate,2018,1.300744522869082,1.5129776595397413,1.0855847372860163
Deaths,Comoros,Both,All Ages,Respiratory infections and tuberculosis,Rate,2018,112.61614730917661,135.90185556168112,91.32411104719111
Deaths,Tokelau,Both,All Ages,Respiratory infections and tuberculosis,Rate,2018,40.4511023968613,49.9256297208744,32.49521068330784
Deaths,Azerbaijan,Both,All Ages,Respiratory infections and tuberculosis,Rate,2018,31.641639635233204,38.20808326134023,26.108928811627578
Deaths,Bangladesh,Both,All Ages,Respiratory infections and tuberculosis,Rate,2018,42.605437580137384,51.730538405070334,35.21348368750029
Deaths,Djibouti,Both,All Ages,Respiratory infections and tuberculosis,Rate,2018,89.20019882294814,117.94458144584146,66.08818602254216
Deaths,Djibouti,Both,All Ages,Other infectious diseases,Rate,2018,25.360241190519638,44.58444086740635,14.027994442365136
Deaths,Bermuda,Both,All Ages,Respiratory infections and tuberculosis,Rate,2018,27.13108723503578,32.6653262527697,22.1551389351719
Deaths,Bermuda,Both,All Ages,Other infectious diseases,Rate,2018,1.2117286836830021,1.5149187203916494,0.9836035913588225
Deaths,Azerbaijan,Both,All Ages,Other infectious diseases,Rate,2018,3.4304577736818445,5.481564444304028,2.308274688616854
Deaths,Montenegro,Both,All Ages,Respiratory infections and tuberculosis,Rate,2018,12.020762206178116,14.517310575335154,10.180776918798937
Deaths,Montenegro,Both,All Ages,Other infectious diseases,Rate,2018,0.8221657717832849,1.1639434086855176,0.5927810080548889
Deaths,Comoros,Both,All Ages,Other infectious diseases,Rate,2018,22.397648842927072,32.498382784615394,15.779166206792938
Deaths,Japan,Both,All Ages,Respiratory infections and tuberculosis,Rate,2018,92.13246298025174,103.53088858921066,72.32191816627582
Deaths,Chile,Both,All Ages,Respiratory infections and tuberculosis,Rate,2018,27.477721604372693,29.93380467954847,24.127140070286526
Deaths,Uruguay,Both,All Ages,Respiratory infections and tuberculosis,Rate,2018,47.8404852482817,52.50207548741258,41.920168417134484
Deaths,Chile,Both,All Ages,Other infectious diseases,Rate,2018,1.881442734744698,2.1073625865154564,1.5031761616465678
Deaths,Japan,Both,All Ages,Other infectious diseases,Rate,2018,2.0191795313847227,2.3463734949349146,1.464320447045452
Deaths,Haiti,Both,All Ages,Respiratory infections and tuberculosis,Rate,2018,63.4112387682916,79.60871111014052,48.66632083622767
Deaths,Haiti,Both,All Ages,Other infectious diseases,Rate,2018,20.072538724712295,32.87615830431694,12.752403039733062
Deaths,Lesotho,Both,All Ages,Other infectious diseases,Rate,2018,14.560775617075695,19.537419105239653,10.522327113530855
Deaths,Uruguay,Both,All Ages,Other infectious diseases,Rate,2018,1.827878678266814,2.0175751412485914,1.5381749469044728
Deaths,Mali,Both,All Ages,Other infectious diseases,Rate,2018,60.34424709072807,94.55776866258189,38.914202838815896
Deaths,Georgia,Both,All Ages,Respiratory infections and tuberculosis,Rate,2018,26.287477013788198,29.61103768593458,22.734588899537755
Deaths,United States Virgin Islands,Both,All Ages,Respiratory infections and tuberculosis,Rate,2018,24.587841199346848,28.072944746159816,20.888877876297503
Deaths,United States Virgin Islands,Both,All Ages,Other infectious diseases,Rate,2018,3.1368853409853292,4.317612348731691,2.2317210032229857
Deaths,Bangladesh,Both,All Ages,Other infectious diseases,Rate,2018,6.992769453314685,9.506307423286334,5.336358298109642
Deaths,American Samoa,Both,All Ages,Respiratory infections and tuberculosis,Rate,2018,22.482449549009086,26.368617301768985,18.806064552699223
Deaths,American Samoa,Both,All Ages,Other infectious diseases,Rate,2018,5.619753521042918,8.009810235404236,3.9292727005888084
Deaths,Georgia,Both,All Ages,Other infectious diseases,Rate,2018,1.8891734331231285,2.2468398938403857,1.516036127119946
Deaths,Lesotho,Both,All Ages,Respiratory infections and tuberculosis,Rate,2018,221.77921356086412,277.19057835764085,172.18209801449447
Deaths,China,Both,All Ages,Respiratory infections and tuberculosis,Rate,2018,15.614074541213618,17.996710108356435,13.70354897819368
Deaths,China,Both,All Ages,Other infectious diseases,Rate,2018,1.4142497535186989,1.6009877293452448,1.2487101753476593
Deaths,Timor-Leste,Both,All Ages,Respiratory infections and tuberculosis,Rate,2018,68.35726793764765,83.35614239708009,50.72678372564583
Deaths,Timor-Leste,Both,All Ages,Other infectious diseases,Rate,2018,10.538905365255182,17.397856444438982,5.206625934611888
Deaths,Mexico,Both,All Ages,Other infectious diseases,Rate,2018,1.8677320234725998,2.255335229355191,1.6315796694743139
Deaths,Bhutan,Both,All Ages,Respiratory infections and tuberculosis,Rate,2018,36.36795216344275,50.573712780216354,25.5675410990359
Deaths,Bhutan,Both,All Ages,Other infectious diseases,Rate,2018,9.53678060697599,12.799702774922476,5.85246268165411
Deaths,Lebanon,Both,All Ages,Respiratory infections and tuberculosis,Rate,2018,18.47416271808788,26.23743289710656,15.144762025647365
Deaths,Lebanon,Both,All Ages,Other infectious diseases,Rate,2018,10.999663062703707,15.260268205066529,7.951862898627124
Deaths,Poland,Both,All Ages,Other infectious diseases,Rate,2018,0.9402623746556411,1.2766995581432712,0.7399255509858784
Deaths,Mauritania,Both,All Ages,Respiratory infections and tuberculosis,Rate,2018,58.59048944376646,75.3910274527144,46.130898727212895
Deaths,Mauritania,Both,All Ages,Other infectious diseases,Rate,2018,15.02671008271484,25.672603111684182,8.58736074765801
Deaths,Kazakhstan,Both,All Ages,Respiratory infections and tuberculosis,Rate,2018,27.011049176047706,29.81460849524632,24.342647330498053
Deaths,Eritrea,Both,All Ages,Respiratory infections and tuberculosis,Rate,2018,139.43677315886197,191.3251217397246,98.11642964990982
Deaths,Eritrea,Both,All Ages,Other infectious diseases,Rate,2018,21.459088425322495,32.270273459846436,14.28329086716115
Deaths,Republic of Korea,Both,All Ages,Respiratory infections and tuberculosis,Rate,2018,34.184682479809446,38.80198471858833,22.034734387728253
Deaths,Slovakia,Both,All Ages,Respiratory infections and tuberculosis,Rate,2018,34.25768523210232,41.179690320739766,28.38601452942851
Deaths,Slovakia,Both,All Ages,Other infectious diseases,Rate,2018,0.9798274390829725,1.2454886048903162,0.7677041598777917
Deaths,Jamaica,Both,All Ages,Respiratory infections and tuberculosis,Rate,2018,16.828192213155805,20.24892803869136,13.510065830250298
Deaths,Jamaica,Both,All Ages,Other infectious diseases,Rate,2018,2.7634658212144574,3.8157113362827313,1.805016778871307
Deaths,Cook Islands,Both,All Ages,Other infectious diseases,Rate,2018,0.9823392835844983,1.5179848953688888,0.5990279798882255
Deaths,Guam,Both,All Ages,Respiratory infections and tuberculosis,Rate,2018,21.54445064332853,25.39025571562364,18.206726396554117
Deaths,Kazakhstan,Both,All Ages,Other infectious diseases,Rate,2018,2.6330018529822183,3.1135693757890404,2.174375815181188
Deaths,Libya,Both,All Ages,Other infectious diseases,Rate,2018,2.6942345840827624,3.834045584693426,1.990659049402611
Deaths,Republic of Korea,Both,All Ages,Other infectious diseases,Rate,2018,0.921743178506674,1.0529270090548557,0.6588862614849196
Deaths,Viet Nam,Both,All Ages,Respiratory infections and tuberculosis,Rate,2018,42.36804690527297,49.08698323107254,35.86912293802956
Deaths,Viet Nam,Both,All Ages,Other infectious diseases,Rate,2018,5.036085261077861,6.575515298768396,3.852626940520331
Deaths,Israel,Both,All Ages,Respiratory infections and tuberculosis,Rate,2018,18.97135568460992,20.965319081350945,16.309857226129566
Deaths,Israel,Both,All Ages,Other infectious diseases,Rate,2018,1.2869031529940795,1.4859040811858528,0.9662736680364321
Deaths,Libya,Both,All Ages,Respiratory infections and tuberculosis,Rate,2018,13.331381013048286,16.45758017464481,10.631615745651871
Deaths,Namibia,Both,All Ages,Respiratory infections and tuberculosis,Rate,2018,98.09205182577773,127.58665860947222,75.20189051893448
Deaths,Namibia,Both,All Ages,Other infectious diseases,Rate,2018,8.845692539198089,13.448973286545515,5.954056568385169
Deaths,Democratic People's Republic of Korea,Both,All Ages,Respiratory infections and tuberculosis,Rate,2018,39.4185016001,47.228905105900644,32.53387257482897
Deaths,Romania,Both,All Ages,Respiratory infections and tuberculosis,Rate,2018,38.11072796146563,43.018506798075,33.449145971017565
Deaths,Romania,Both,All Ages,Other infectious diseases,Rate,2018,1.1352995744402423,1.4832179294293921,0.9191928311067218
Deaths,Cook Islands,Both,All Ages,Respiratory infections and tuberculosis,Rate,2018,54.8472441175084,65.41137112631883,45.86958386403679
Deaths,Saint Lucia,Both,All Ages,Respiratory infections and tuberculosis,Rate,2018,33.09001232033507,38.36219058993717,28.220667765740373
Deaths,Saint Lucia,Both,All Ages,Other infectious diseases,Rate,2018,3.5770670426655515,4.366328010532902,2.746805942743217
Deaths,Democratic People's Republic of Korea,Both,All Ages,Other infectious diseases,Rate,2018,2.705701415480958,3.460322307049364,2.119605832701326
Deaths,Ireland,Both,All Ages,Other infectious diseases,Rate,2018,0.9856574667463057,1.234353978334797,0.8471416160558088
Deaths,Singapore,Both,All Ages,Respiratory infections and tuberculosis,Rate,2018,60.056773672456195,65.63612052008094,50.56522938141058
Deaths,Ireland,Both,All Ages,Respiratory infections and tuberculosis,Rate,2018,34.33290725485295,38.095261508655454,28.778767182026034
Deaths,Guam,Both,All Ages,Other infectious diseases,Rate,2018,3.131375119042863,4.357752462285746,2.2177545285330824
Deaths,Mexico,Both,All Ages,Respiratory infections and tuberculosis,Rate,2018,20.108951374026525,21.8320135785411,18.111512898774958
Deaths,Canada,Both,All Ages,Respiratory infections and tuberculosis,Rate,2018,24.872183865562782,27.67785470843326,20.739854304217474
Deaths,South Africa,Both,All Ages,Respiratory infections and tuberculosis,Rate,2018,89.83923947601278,96.46488234931125,83.91483121327516
Deaths,South Africa,Both,All Ages,Other infectious diseases,Rate,2018,11.539652471094204,14.763770975850218,8.745048129535887
Deaths,Mali,Both,All Ages,Respiratory infections and tuberculosis,Rate,2018,100.21985823635752,129.46515040142103,77.31664047510185
Deaths,India,Both,All Ages,Respiratory infections and tuberculosis,Rate,2018,63.222054143034754,71.04596722924342,55.83207333661749
Deaths,India,Both,All Ages,Other infectious diseases,Rate,2018,12.641205760956653,16.208764685907507,10.248846205502291
Deaths,Ethiopia,Both,All Ages,Respiratory infections and tuberculosis,Rate,2018,75.26284176935378,86.44167385567422,64.556863066518
Deaths,Ethiopia,Both,All Ages,Other infectious diseases,Rate,2018,25.665144734422686,40.540046179209725,17.455095575915525
Deaths,Singapore,Both,All Ages,Other infectious diseases,Rate,2018,0.7464504072120386,1.0716626291605866,0.6071094371112781
Deaths,Kenya,Both,All Ages,Other infectious diseases,Rate,2018,21.240801932989196,26.89236296987935,16.64779200908262
Deaths,Morocco,Both,All Ages,Respiratory infections and tuberculosis,Rate,2018,29.12597444977861,37.627884887422375,23.15398014688225
Deaths,Morocco,Both,All Ages,Other infectious diseases,Rate,2018,4.429845109902783,6.439091802962633,3.126274548548793
Deaths,Kyrgyzstan,Both,All Ages,Respiratory infections and tuberculosis,Rate,2018,18.812319344485616,20.361829639319353,17.147113351378668
Deaths,Canada,Both,All Ages,Other infectious diseases,Rate,2018,1.4953324483007666,1.7583865955247513,1.195971502940745
Deaths,Nepal,Both,All Ages,Respiratory infections and tuberculosis,Rate,2018,55.07954131007362,64.95873580932113,45.79770818248948
Deaths,Serbia,Both,All Ages,Respiratory infections and tuberculosis,Rate,2018,19.45937719594423,23.176679479213583,15.823065876313915
Deaths,Serbia,Both,All Ages,Other infectious diseases,Rate,2018,1.8299824622713476,2.338037509296587,1.2230470585727968
Deaths,Liberia,Both,All Ages,Respiratory infections and tuberculosis,Rate,2018,64.08295302667,80.24080141782692,49.29078679525503
Deaths,Liberia,Both,All Ages,Other infectious diseases,Rate,2018,25.121473957247915,42.5352206875305,14.829765637986153
Deaths,Italy,Both,All Ages,Respiratory infections and tuberculosis,Rate,2018,20.80605446665935,22.618666374713193,17.472555529101726
Deaths,Italy,Both,All Ages,Other infectious diseases,Rate,2018,1.6878904135501003,1.8579558241398837,1.4224329165389247
Deaths,Kyrgyzstan,Both,All Ages,Other infectious diseases,Rate,2018,1.9675182096052555,2.204224343431809,1.7061458502777067
Deaths,Panama,Both,All Ages,Respiratory infections and tuberculosis,Rate,2018,24.654062027178966,29.683723253522608,19.924992059562374
Deaths,Mongolia,Both,All Ages,Other infectious diseases,Rate,2018,3.735797753563631,5.401525946356293,2.710815004479642
Deaths,Nicaragua,Both,All Ages,Respiratory infections and tuberculosis,Rate,2018,18.202755414814497,21.2655848815686,15.807105586784166
Deaths,United States,Both,All Ages,Respiratory infections and tuberculosis,Rate,2018,24.60788203502514,26.223137286883524,21.693634501316357
Deaths,Taiwan (Province of China),Both,All Ages,Respiratory infections and tuberculosis,Rate,2018,57.93678555846617,69.250836654058,47.2523142486106
Deaths,Fiji,Both,All Ages,Respiratory infections and tuberculosis,Rate,2018,28.177138140289813,35.03064035275673,22.030228810852194
Deaths,Fiji,Both,All Ages,Other infectious diseases,Rate,2018,8.228555331276763,11.632622399209684,5.898450836362953
Deaths,Greenland,Both,All Ages,Respiratory infections and tuberculosis,Rate,2018,27.13086704109963,31.78439424063822,22.324770777657683
Deaths,Greenland,Both,All Ages,Other infectious diseases,Rate,2018,3.6409655809161654,4.8469288912754935,2.7835661218615555
Deaths,Mongolia,Both,All Ages,Respiratory infections and tuberculosis,Rate,2018,27.809077426171502,35.17877001859356,22.005810070259134
Deaths,United States,Both,All Ages,Other infectious diseases,Rate,2018,1.9657466083696202,2.5716482607113003,1.7127204055204432
Deaths,Taiwan (Province of China),Both,All Ages,Other infectious diseases,Rate,2018,1.3850085976123967,1.7911001492290373,1.0103489925409093
Deaths,Nicaragua,Both,All Ages,Other infectious diseases,Rate,2018,1.7797885156939315,2.113440753959081,1.4993727501302188
Deaths,Panama,Both,All Ages,Other infectious diseases,Rate,2018,1.7274438980585973,2.1468924076212987,1.370893216739725
Deaths,Sao Tome and Principe,Both,All Ages,Other infectious diseases,Rate,2018,10.76015121970494,15.994088072447928,7.435134052371435
Deaths,Eswatini,Both,All Ages,Respiratory infections and tuberculosis,Rate,2018,121.30644286623108,158.8639049318967,88.2614180117753
Deaths,Eswatini,Both,All Ages,Other infectious diseases,Rate,2018,13.181263573231618,19.803941150050846,8.93641821197651
Deaths,Monaco,Both,All Ages,Respiratory infections and tuberculosis,Rate,2018,68.66273884908892,81.15979146289382,54.982119486106406
Deaths,Monaco,Both,All Ages,Other infectious diseases,Rate,2018,1.0457965025634424,1.2576802264726135,0.8142835876473717
Deaths,Kiribati,Both,All Ages,Respiratory infections and tuberculosis,Rate,2018,89.43306198184105,110.71678168088276,72.01314628637674
Deaths,Kiribati,Both,All Ages,Other infectious diseases,Rate,2018,26.77327692134158,38.3140720846106,19.475140370471056
Deaths,Palestine,Both,All Ages,Respiratory infections and tuberculosis,Rate,2018,10.61417303534536,13.535743776794408,9.170320263999075
Deaths,Palestine,Both,All Ages,Other infectious diseases,Rate,2018,1.5606207871903566,2.121410169950675,1.1652948038196924
Deaths,Madagascar,Both,All Ages,Respiratory infections and tuberculosis,Rate,2018,100.97422563173382,126.44582852914458,78.550427667207
Deaths,Madagascar,Both,All Ages,Other infectious diseases,Rate,2018,29.73765293361315,41.35592188123708,21.089785853619702
Deaths,Malta,Both,All Ages,Other infectious diseases,Rate,2018,1.3125668306573064,1.5245888733628494,1.0932906709495724
Deaths,Oman,Both,All Ages,Respiratory infections and tuberculosis,Rate,2018,9.677833186533794,10.908598083561452,8.233550060023813
Deaths,Oman,Both,All Ages,Other infectious diseases,Rate,2018,4.312371886064403,5.354328568406908,3.534582880176433
Deaths,Saint Vincent and the Grenadines,Both,All Ages,Respiratory infections and tuberculosis,Rate,2018,36.94155289904392,42.00643287836726,32.25962329797144
Deaths,Saint Vincent and the Grenadines,Both,All Ages,Other infectious diseases,Rate,2018,4.205727531934086,5.153668057213486,3.0807375655184632
Deaths,Antigua and Barbuda,Both,All Ages,Other infectious diseases,Rate,2018,2.393054248953004,2.928075318937808,1.8680998492518048
Deaths,Slovenia,Both,All Ages,Respiratory infections and tuberculosis,Rate,2018,33.013185989223736,40.03979663860094,26.19644665889912
Deaths,Trinidad and Tobago,Both,All Ages,Respiratory infections and tuberculosis,Rate,2018,20.74603927446498,25.839476293588902,16.18332995091676
Deaths,Trinidad and Tobago,Both,All Ages,Other infectious diseases,Rate,2018,2.5602854415013563,3.387335103608256,1.8967893620250538
Deaths,Luxembourg,Both,All Ages,Respiratory infections and tuberculosis,Rate,2018,22.15116854978843,25.686110597442976,18.001483864109115
Deaths,Luxembourg,Both,All Ages,Other infectious diseases,Rate,2018,2.437452640206657,3.1924702767127275,1.9730511097655175
Deaths,Slovenia,Both,All Ages,Other infectious diseases,Rate,2018,0.9751829849100598,1.2923283524346418,0.669369051461046
Deaths,Qatar,Both,All Ages,Other infectious diseases,Rate,2018,0.7561393577018647,1.065081702096972,0.5578447499836545
Deaths,Marshall Islands,Both,All Ages,Respiratory infections and tuberculosis,Rate,2018,48.707827031940575,61.738687487869406,37.16478937814041
Deaths,Marshall Islands,Both,All Ages,Other infectious diseases,Rate,2018,9.71291160754783,16.822443494842453,5.583178285361368
Deaths,Sao Tome and Principe,Both,All Ages,Respiratory infections and tuberculosis,Rate,2018,64.41253217066091,77.59391664135029,52.49452213154786
Deaths,New Zealand,Both,All Ages,Respiratory infections and tuberculosis,Rate,2018,20.039861478754542,22.90230141971099,16.597736807048104
Deaths,New Zealand,Both,All Ages,Other infectious diseases,Rate,2018,1.1226741563477003,1.2838226351992226,0.9469646895882573
Deaths,Uzbekistan,Both,All Ages,Respiratory infections and tuberculosis,Rate,2018,41.506760474619036,48.39511898308793,35.87101170255771
Deaths,Uzbekistan,Both,All Ages,Other infectious diseases,Rate,2018,3.2021621848475514,3.8215259448711105,2.633761783223592
Deaths,Malawi,Both,All Ages,Respiratory infections and tuberculosis,Rate,2018,96.4326074991934,115.81721258898186,79.70196662638334
Deaths,Malawi,Both,All Ages,Other infectious diseases,Rate,2018,23.3760716777935,33.11917355198677,17.05365831354321
Deaths,Turkmenistan,Both,All Ages,Respiratory infections and tuberculosis,Rate,2018,35.62908044143952,43.49124570894134,29.81043464506453
Deaths,Antigua and Barbuda,Both,All Ages,Respiratory infections and tuberculosis,Rate,2018,33.74248549006555,38.792152260632186,29.05363277518107
Deaths,Belarus,Both,All Ages,Respiratory infections and tuberculosis,Rate,2018,15.279717927820286,18.5306557190668,12.476645922891644
Deaths,Belarus,Both,All Ages,Other infectious diseases,Rate,2018,2.2247845425414714,2.793173454706805,1.719575119749195
Deaths,Malta,Both,All Ages,Respiratory infections and tuberculosis,Rate,2018,42.683301264213846,48.84179743143035,35.73334688200543
Deaths,Nigeria,Both,All Ages,Respiratory infections and tuberculosis,Rate,2018,107.39876195211696,129.2618891708452,88.04123937883315
Deaths,Nigeria,Both,All Ages,Other infectious diseases,Rate,2018,42.53621046086815,62.56408205268694,29.45423199825073
Deaths,Pakistan,Both,All Ages,Respiratory infections and tuberculosis,Rate,2018,61.43284416866583,72.04114441113306,51.62815891001903
Deaths,Turkmenistan,Both,All Ages,Other infectious diseases,Rate,2018,3.5475954908748153,4.29517039065659,2.9131374620568304
Deaths,Pakistan,Both,All Ages,Other infectious diseases,Rate,2018,25.725960079882558,33.51521911885234,19.244170438396615
Deaths,Lao People's Democratic Republic,Both,All Ages,Respiratory infections and tuberculosis,Rate,2018,79.2021823467107,98.60406445931525,61.90346490389278
Deaths,Lao People's Democratic Republic,Both,All Ages,Other infectious diseases,Rate,2018,12.067360870530974,19.984781288263537,7.001155225185116
Deaths,Benin,Both,All Ages,Respiratory infections and tuberculosis,Rate,2018,97.35922276409988,126.91249705800705,72.69269653816323
Deaths,Benin,Both,All Ages,Other infectious diseases,Rate,2018,45.08100948078945,72.3213933482926,26.81659747312686
Deaths,Tajikistan,Both,All Ages,Respiratory infections and tuberculosis,Rate,2018,44.36726498580222,56.67531142644792,35.815781799474145
Deaths,Indonesia,Both,All Ages,Respiratory infections and tuberculosis,Rate,2018,47.73186614549285,53.686704237235325,41.526017170645126
Deaths,Indonesia,Both,All Ages,Other infectious diseases,Rate,2018,8.998519671588232,11.606001856539908,7.098273876400792
Deaths,South Sudan,Both,All Ages,Respiratory infections and tuberculosis,Rate,2018,137.36586177635746,173.38262689635678,108.03037444126949
Deaths,South Sudan,Both,All Ages,Other infectious diseases,Rate,2018,47.116429092033975,79.41403313872996,29.18401836264949
Deaths,Papua New Guinea,Both,All Ages,Respiratory infections and tuberculosis,Rate,2018,81.7613357548743,106.27598943183088,61.546606123208306
Deaths,Papua New Guinea,Both,All Ages,Other infectious diseases,Rate,2018,23.98390956631082,39.424060911194665,14.446320742943186
Deaths,Congo,Both,All Ages,Respiratory infections and tuberculosis,Rate,2018,77.2966968064926,99.53355582266668,59.72404557608364
Deaths,Tajikistan,Both,All Ages,Other infectious diseases,Rate,2018,4.192268050242992,7.513840066892262,2.527263324331807
Deaths,Zimbabwe,Both,All Ages,Other infectious diseases,Rate,2018,20.037032397122044,29.710670913484584,13.496606411879993
Deaths,Nepal,Both,All Ages,Other infectious diseases,Rate,2018,12.684024637091323,17.238782344547094,8.856313277382702
Deaths,Cambodia,Both,All Ages,Respiratory infections and tuberculosis,Rate,2018,111.39186444826314,128.9458351814531,94.77537488115331
Deaths,Cambodia,Both,All Ages,Other infectious diseases,Rate,2018,8.18878011680144,10.998446399868143,6.182787564130666
Deaths,Zimbabwe,Both,All Ages,Respiratory infections and tuberculosis,Rate,2018,158.97239588933007,191.29553973857384,130.64834807250853
Deaths,Bolivia (Plurinational State of),Both,All Ages,Respiratory infections and tuberculosis,Rate,2018,69.06745784597464,82.80403536734838,56.71634392787456
Deaths,Bolivia (Plurinational State of),Both,All Ages,Other infectious diseases,Rate,2018,5.034114577451451,9.000336181949695,3.1388366999061255
Deaths,Australia,Both,All Ages,Respiratory infections and tuberculosis,Rate,2018,17.548908490474503,19.704056462892094,14.518986593664032
Deaths,Netherlands,Both,All Ages,Respiratory infections and tuberculosis,Rate,2018,36.24907134258436,40.5480987456875,30.784961300245516
Deaths,Netherlands,Both,All Ages,Other infectious diseases,Rate,2018,2.2222910800728153,2.5362437986429267,1.6968720118702907
Deaths,Kenya,Both,All Ages,Respiratory infections and tuberculosis,Rate,2018,78.1838128760736,92.26395980329555,64.27652790823909
Deaths,Saudi Arabia,Both,All Ages,Respiratory infections and tuberculosis,Rate,2018,16.928598308398872,20.939500069301154,13.773099402968116
Deaths,Saudi Arabia,Both,All Ages,Other infectious diseases,Rate,2018,1.5134099749724308,1.97624734493089,1.194510585034298
Deaths,Central African Republic,Both,All Ages,Respiratory infections and tuberculosis,Rate,2018,280.96425405136023,376.0114334991007,207.97970251011859
Deaths,Niger,Both,All Ages,Respiratory infections and tuberculosis,Rate,2018,133.8760266548953,173.05401849633128,100.97529640234444
Deaths,Niger,Both,All Ages,Other infectious diseases,Rate,2018,100.50090668870433,164.1031314128161,58.48112282867135
Deaths,Congo,Both,All Ages,Other infectious diseases,Rate,2018,15.052336029591624,24.905689514705408,9.259130415879545
Deaths,Togo,Both,All Ages,Respiratory infections and tuberculosis,Rate,2018,84.41312466129847,105.93561054798026,66.37543194073373
Deaths,Togo,Both,All Ages,Other infectious diseases,Rate,2018,17.63600436912471,27.954480377602096,11.482332642510121
Deaths,Suriname,Both,All Ages,Respiratory infections and tuberculosis,Rate,2018,29.95662932591519,35.44289507828543,25.056425435389894
Deaths,Suriname,Both,All Ages,Other infectious diseases,Rate,2018,5.5474717528139275,7.052237408663949,4.237728799258384
Deaths,Venezuela (Bolivarian Republic of),Both,All Ages,Respiratory infections and tuberculosis,Rate,2018,21.738098805772506,27.268741414853547,16.9158619675302
Deaths,Venezuela (Bolivarian Republic of),Both,All Ages,Other infectious diseases,Rate,2018,2.17588994297899,2.8564999641605837,1.6329034191867782
Deaths,Syrian Arab Republic,Both,All Ages,Respiratory infections and tuberculosis,Rate,2018,16.71349524893783,21.30047068513416,12.90045612278522
Deaths,Syrian Arab Republic,Both,All Ages,Other infectious diseases,Rate,2018,3.810967282467162,6.212604125454977,2.4187304599794603
Deaths,Albania,Both,All Ages,Respiratory infections and tuberculosis,Rate,2018,17.18513734968075,21.73592426271411,13.641437104277802
Deaths,Albania,Both,All Ages,Other infectious diseases,Rate,2018,2.6530625285035523,3.4199907571773096,2.0891622094379865
Deaths,Samoa,Both,All Ages,Respiratory infections and tuberculosis,Rate,2018,37.19044464353234,46.67891639122636,29.56548811692261
Deaths,Samoa,Both,All Ages,Other infectious diseases,Rate,2018,4.584876522924277,7.020809578849365,2.8901174691241507
Deaths,Australia,Both,All Ages,Other infectious diseases,Rate,2018,1.431964690910604,1.6209543300155078,1.0635405470861359
Deaths,Brazil,Both,All Ages,Respiratory infections and tuberculosis,Rate,2018,43.249547565584386,45.896038077289624,38.76689450773386
Deaths,Brazil,Both,All Ages,Other infectious diseases,Rate,2018,2.232204096399097,2.6644765938067247,1.9959707068203387
Deaths,Central African Republic,Both,All Ages,Other infectious diseases,Rate,2018,52.21360619072632,92.27669670594598,30.734397022067373
Deaths,Angola,Both,All Ages,Other infectious diseases,Rate,2018,31.681263643984693,54.4053790621185,17.86953694225233
Deaths,Cameroon,Both,All Ages,Other infectious diseases,Rate,2018,26.229616762374217,42.8189425327352,15.406680477434646
Deaths,Qatar,Both,All Ages,Respiratory infections and tuberculosis,Rate,2018,2.7734726100501153,3.5912559934717723,2.169928636296265
Deaths,Palau,Both,All Ages,Respiratory infections and tuberculosis,Rate,2018,101.1606477588712,123.73581067539165,81.31858260461397
Deaths,Micronesia (Federated States of),Both,All Ages,Respiratory infections and tuberculosis,Rate,2018,48.71835095282979,61.62458115384731,36.19140038120825
Deaths,Micronesia (Federated States of),Both,All Ages,Other infectious diseases,Rate,2018,6.1225487115682,10.030733513889924,3.387547125408472
Deaths,Latvia,Both,All Ages,Other infectious diseases,Rate,2018,1.784272700433403,2.1455569280250795,1.4472562765980763
Deaths,Barbados,Both,All Ages,Respiratory infections and tuberculosis,Rate,2018,53.54224681486607,62.31282332056525,44.881399812013576
Deaths,Niue,Both,All Ages,Respiratory infections and tuberculosis,Rate,2018,54.80145460644389,67.44409294792473,44.591914661695334
Deaths,Malaysia,Both,All Ages,Other infectious diseases,Rate,2018,5.580724187641401,7.298549002078896,3.6231024893388235
Deaths,Belgium,Both,All Ages,Other infectious diseases,Rate,2018,2.500449820301931,2.930692964853538,1.771821180814121
Deaths,Barbados,Both,All Ages,Other infectious diseases,Rate,2018,4.342174185693182,5.408276206216893,3.2365366341676265
Deaths,Niue,Both,All Ages,Other infectious diseases,Rate,2018,3.5798510786558833,5.1423945521131715,2.496917147219874
Deaths,Austria,Both,All Ages,Respiratory infections and tuberculosis,Rate,2018,13.809176783575952,15.16994004257167,11.895228944503893
Deaths,Cameroon,Both,All Ages,Respiratory infections and tuberculosis,Rate,2018,84.98614909108308,113.38694155871869,64.15670873202498
Deaths,Paraguay,Both,All Ages,Respiratory infections and tuberculosis,Rate,2018,24.833246079102278,30.496797858144003,19.80496209388167
Deaths,Paraguay,Both,All Ages,Other infectious diseases,Rate,2018,2.261797775321172,3.439240990350169,1.5609339072596453
Deaths,Austria,Both,All Ages,Other infectious diseases,Rate,2018,1.2887681720605813,1.4535074785463773,1.018707426913325
Deaths,Belgium,Both,All Ages,Respiratory infections and tuberculosis,Rate,2018,55.157154158403344,61.08941103505444,46.32504477491449
Deaths,Spain,Both,All Ages,Respiratory infections and tuberculosis,Rate,2018,30.819536999980656,34.57822604269446,25.709833409564215
Deaths,Spain,Both,All Ages,Other infectious diseases,Rate,2018,1.3972573065831007,1.701007452637077,1.222735256308892
Deaths,Lithuania,Both,All Ages,Respiratory infections and tuberculosis,Rate,2018,24.75769426092514,28.181033274785054,21.587869343196328
Deaths,Lithuania,Both,All Ages,Other infectious diseases,Rate,2018,1.6881772141283786,1.9974888048521453,1.3704709042045118
Deaths,Myanmar,Both,All Ages,Respiratory infections and tuberculosis,Rate,2018,67.87545099754595,82.6067370414698,55.86662934426992
Deaths,Myanmar,Both,All Ages,Other infectious diseases,Rate,2018,17.125335756284247,24.914499707954953,11.529491895319687
Deaths,Cabo Verde,Both,All Ages,Respiratory infections and tuberculosis,Rate,2018,64.77797647667288,73.5720422514495,56.4759989967382
Deaths,Cabo Verde,Both,All Ages,Other infectious diseases,Rate,2018,5.522708623463698,6.434935507789597,4.742039262085095
Deaths,Maldives,Both,All Ages,Respiratory infections and tuberculosis,Rate,2018,9.85405896531892,11.454736520831732,8.224591048423658
Deaths,Maldives,Both,All Ages,Other infectious diseases,Rate,2018,2.332783247379424,3.4088068794852475,1.7120844871861294
Deaths,Bosnia and Herzegovina,Both,All Ages,Respiratory infections and tuberculosis,Rate,2018,15.991274779820845,20.02684697577907,13.206551553877064
Deaths,Bosnia and Herzegovina,Both,All Ages,Other infectious diseases,Rate,2018,1.5163831618790502,1.9516588830515065,1.1622212006098762
Deaths,Mozambique,Both,All Ages,Respiratory infections and tuberculosis,Rate,2018,126.31112791981231,157.6665043454788,99.75629640663931
Deaths,Mozambique,Both,All Ages,Other infectious diseases,Rate,2018,31.86325957183536,51.35993612481867,19.445515090770463
Deaths,Bahrain,Both,All Ages,Respiratory infections and tuberculosis,Rate,2018,6.24627581665394,7.422328882532011,5.102246524511968
Deaths,Bahrain,Both,All Ages,Other infectious diseases,Rate,2018,0.9185043346653856,1.1237279349796874,0.7546392530997897
Deaths,Latvia,Both,All Ages,Respiratory infections and tuberculosis,Rate,2018,21.052665792023436,24.517158417793745,17.875811396137117
Deaths,Belize,Both,All Ages,Respiratory infections and tuberculosis,Rate,2018,30.475793146508813,34.29382104232279,26.694139487107847
Deaths,Belize,Both,All Ages,Other infectious diseases,Rate,2018,1.66303177018905,1.9571895273110949,1.427340121376274
Deaths,Angola,Both,All Ages,Respiratory infections and tuberculosis,Rate,2018,85.07668967481196,106.14648610765835,67.78626576403863
Deaths,Peru,Both,All Ages,Respiratory infections and tuberculosis,Rate,2018,59.19416434511388,74.96277177772767,45.69272967616086
Deaths,Peru,Both,All Ages,Other infectious diseases,Rate,2018,2.8841338490379114,4.824136928845218,1.807460419809076
Deaths,Northern Mariana Islands,Both,All Ages,Respiratory infections and tuberculosis,Rate,2018,26.718266266835762,30.998976855665184,22.892422592846316
Deaths,Cuba,Both,All Ages,Respiratory infections and tuberculosis,Rate,2018,64.12710726045829,72.9361253893052,54.53930899137411
Deaths,Ecuador,Both,All Ages,Other infectious diseases,Rate,2018,3.0446243691221775,5.271303271885424,1.9115742097529345
Deaths,Bahamas,Both,All Ages,Respiratory infections and tuberculosis,Rate,2018,26.160970819125293,30.947433923470825,21.80789708806774
Deaths,Bahamas,Both,All Ages,Other infectious diseases,Rate,2018,2.2850244159418853,2.870750125422788,1.7777813009655912
Deaths,Estonia,Both,All Ages,Respiratory infections and tuberculosis,Rate,2018,19.0871174651324,22.80816077281264,15.668447182965169
Deaths,Estonia,Both,All Ages,Other infectious diseases,Rate,2018,1.2426801782585937,1.5453952223783198,0.9339664036869917
Deaths,Northern Mariana Islands,Both,All Ages,Other infectious diseases,Rate,2018,3.5700517079101686,4.651042007500992,2.808180745026388
Deaths,Algeria,Both,All Ages,Respiratory infections and tuberculosis,Rate,2018,14.936240403853345,18.245208815920417,12.286340532211584
Deaths,Rwanda,Both,All Ages,Respiratory infections and tuberculosis,Rate,2018,78.37970198872796,96.27101321237592,64.63855410400323
Deaths,Rwanda,Both,All Ages,Other infectious diseases,Rate,2018,14.186137486014,19.319002647905172,10.655520118538865
Deaths,Senegal,Both,All Ages,Respiratory infections and tuberculosis,Rate,2018,72.26497760601343,87.73886583894999,56.51368187285118
Deaths,Senegal,Both,All Ages,Other infectious diseases,Rate,2018,20.03471837580837,30.722268878541055,13.51059537525546
Deaths,Mauritius,Both,All Ages,Respiratory infections and tuberculosis,Rate,2018,23.494203837981413,26.73232099209568,20.138867785128518
Deaths,Mauritius,Both,All Ages,Other infectious diseases,Rate,2018,1.7299667968375227,2.045629119677233,1.3511282879600575
Deaths,Ecuador,Both,All Ages,Respiratory infections and tuberculosis,Rate,2018,35.68814859721716,42.679642385945826,30.263038636650837
Deaths,Croatia,Both,All Ages,Other infectious diseases,Rate,2018,0.9251316864834631,1.1245193982598929,0.7506111551584809
Deaths,Norway,Both,All Ages,Respiratory infections and tuberculosis,Rate,2018,38.94151430753414,42.57152410436383,32.54185210151881
Deaths,Norway,Both,All Ages,Other infectious diseases,Rate,2018,2.2673675423197324,2.8127367287105094,1.337228692499484
Deaths,Gabon,Both,All Ages,Respiratory infections and tuberculosis,Rate,2018,68.69364112372085,84.85478287730676,52.96814095237869
Deaths,Gabon,Both,All Ages,Other infectious diseases,Rate,2018,11.000539363876584,17.2256807700484,7.047788262641468
Deaths,Solomon Islands,Both,All Ages,Respiratory infections and tuberculosis,Rate,2018,80.81407815841337,95.5718707341813,66.59138528517322
Deaths,Solomon Islands,Both,All Ages,Other infectious diseases,Rate,2018,14.478226133655387,19.891983809903724,10.605449288856173
Deaths,San Marino,Both,All Ages,Respiratory infections and tuberculosis,Rate,2018,24.301140152952314,32.154787194508266,17.21141715116068
Deaths,San Marino,Both,All Ages,Other infectious diseases,Rate,2018,4.434689124914048,6.276287458520949,2.98989524004998
Deaths,Algeria,Both,All Ages,Other infectious diseases,Rate,2018,3.2607869497794324,4.652400402444477,2.364450372460001
Deaths,Tunisia,Both,All Ages,Respiratory infections and tuberculosis,Rate,2018,16.914758045673413,21.946630373176514,12.750049746125827
Deaths,Tunisia,Both,All Ages,Other infectious diseases,Rate,2018,2.8784903814373193,3.8550772795669075,2.0924481718328827
Deaths,Puerto Rico,Both,All Ages,Respiratory infections and tuberculosis,Rate,2018,35.22387533418279,42.55954193614157,28.15563632718374
Deaths,Portugal,Both,All Ages,Respiratory infections and tuberculosis,Rate,2018,78.32102708639802,86.11691597000627,66.30182254695814
Deaths,Portugal,Both,All Ages,Other infectious diseases,Rate,2018,1.4447515963118864,1.8555085627658188,1.2558994889293327
Deaths,Nauru,Both,All Ages,Respiratory infections and tuberculosis,Rate,2018,41.39432082505397,54.699021502852254,32.66321476583497
Deaths,Puerto Rico,Both,All Ages,Other infectious diseases,Rate,2018,2.0086089390962267,2.567813483200027,1.4936381453037082
Deaths,Vanuatu,Both,All Ages,Respiratory infections and tuberculosis,Rate,2018,53.11689704364142,67.13145147567135,41.437056903203796
Deaths,United Republic of Tanzania,Both,All Ages,Respiratory infections and tuberculosis,Rate,2018,99.2500089534201,120.2629414407817,82.98228123368281
Deaths,United Republic of Tanzania,Both,All Ages,Other infectious diseases,Rate,2018,20.868044113752358,34.568534852526696,12.861011222782293
Deaths,Equatorial Guinea,Both,All Ages,Respiratory infections and tuberculosis,Rate,2018,40.3995056432148,57.54187637530654,28.221733470418513
Deaths,Nauru,Both,All Ages,Other infectious diseases,Rate,2018,5.924867276409153,8.378620873061129,4.191167010489631
Deaths,Andorra,Both,All Ages,Respiratory infections and tuberculosis,Rate,2018,25.029809330960372,31.03956747545996,19.14652095344592
Deaths,Andorra,Both,All Ages,Other infectious diseases,Rate,2018,2.2490077567318942,2.886125061453411,1.6926396590252626
Deaths,Equatorial Guinea,Both,All Ages,Other infectious diseases,Rate,2018,11.428829925329014,21.21970400420336,5.791813597934214
Deaths,Burkina Faso,Both,All Ages,Respiratory infections and tuberculosis,Rate,2018,147.1518896374438,183.24751381031274,114.85042395672201
Deaths,Malaysia,Both,All Ages,Respiratory infections and tuberculosis,Rate,2018,73.69769234398163,90.46391746074205,47.699206437271116
Deaths,Croatia,Both,All Ages,Respiratory infections and tuberculosis,Rate,2018,14.292981697010278,16.946681077787215,11.803771474783542
Deaths,Czechia,Both,All Ages,Respiratory infections and tuberculosis,Rate,2018,32.54020249594863,37.037413278091215,27.89345114108305
Deaths,Czechia,Both,All Ages,Other infectious diseases,Rate,2018,0.8985940755580402,1.056261863715197,0.7379265471683508
Deaths,Burkina Faso,Both,All Ages,Other infectious diseases,Rate,2018,42.59202177004188,63.78967348712878,29.124592830455573
Deaths,United Arab Emirates,Both,All Ages,Respiratory infections and tuberculosis,Rate,2018,7.340748549598686,9.5177140543103,5.511286545931137
Deaths,United Arab Emirates,Both,All Ages,Other infectious diseases,Rate,2018,2.7226744786575034,3.8680928330643622,1.8941512487447174
Deaths,Vanuatu,Both,All Ages,Other infectious diseases,Rate,2018,10.88619439972222,19.714669647327458,5.939621257477386
Deaths,Finland,Both,All Ages,Respiratory infections and tuberculosis,Rate,2018,14.232684441339904,15.845787245807765,12.185461836322101
Deaths,Finland,Both,All Ages,Other infectious diseases,Rate,2018,1.4406008381401259,1.688787260245721,1.1927581300698527
Deaths,United Kingdom,Both,All Ages,Respiratory infections and tuberculosis,Rate,2018,62.31644658015364,66.63698301200274,54.23655411609047
Deaths,United Kingdom,Both,All Ages,Other infectious diseases,Rate,2018,1.6848682141716724,2.256098952166802,1.4636231249338632
Deaths,Saint Kitts and Nevis,Both,All Ages,Respiratory infections and tuberculosis,Rate,2018,34.38127703826162,40.13279386633247,29.094729670828848
Deaths,Colombia,Both,All Ages,Respiratory infections and tuberculosis,Rate,2018,18.281361195312982,22.018403513719512,14.594050728478189
Deaths,Colombia,Both,All Ages,Other infectious diseases,Rate,2018,2.189449931903398,2.78309969474632,1.7131916062234285
Deaths,Saint Kitts and Nevis,Both,All Ages,Other infectious diseases,Rate,2018,3.4108434736509485,4.367969876102799,2.5034656298738946
Deaths,Sierra Leone,Both,All Ages,Respiratory infections and tuberculosis,Rate,2018,125.99913724624801,165.5297142833707,93.60469018815782
Deaths,Sierra Leone,Both,All Ages,Other infectious diseases,Rate,2018,34.038932428622225,52.91718083998489,22.22742958064176
Deaths,Ukraine,Both,All Ages,Respiratory infections and tuberculosis,Rate,2018,29.339450202286482,34.02560539317318,25.2213809985533
Deaths,Dominican Republic,Both,All Ages,Respiratory infections and tuberculosis,Rate,2018,26.283753714594983,32.698173568982924,20.920012453369424
Deaths,Dominican Republic,Both,All Ages,Other infectious diseases,Rate,2018,6.150452833194152,9.573124925402611,3.9609849269323383
Deaths,Gambia,Both,All Ages,Other infectious diseases,Rate,2018,18.266503486322687,27.055074943563078,12.84606379797162
Deaths,Ukraine,Both,All Ages,Other infectious diseases,Rate,2018,2.7604932919008753,3.198683913817044,2.3833804351282066
Deaths,Iraq,Both,All Ages,Other infectious diseases,Rate,2018,4.696335257779097,7.471531442114491,3.1449741051934033
Deaths,Egypt,Both,All Ages,Respiratory infections and tuberculosis,Rate,2018,23.301699609722355,29.32439719605183,18.148710491579635
Deaths,Egypt,Both,All Ages,Other infectious diseases,Rate,2018,4.17999521978368,10.01014393126877,2.488696355137991
Deaths,Turkey,Both,All Ages,Respiratory infections and tuberculosis,Rate,2018,19.27201643290437,22.827506125962554,15.284574149545906
Deaths,Gambia,Both,All Ages,Respiratory infections and tuberculosis,Rate,2018,89.33112816640869,106.99166883389967,73.41315531018738
Deaths,El Salvador,Both,All Ages,Respiratory infections and tuberculosis,Rate,2018,38.04799653953543,47.55132062858892,28.719989414003717
Deaths,El Salvador,Both,All Ages,Other infectious diseases,Rate,2018,2.407538396115772,3.7279775915434685,1.599948703070524
Deaths,Turkey,Both,All Ages,Other infectious diseases,Rate,2018,1.7493084592721333,2.2442556509426144,1.3906992275140955
Deaths,Democratic Republic of the Congo,Both,All Ages,Respiratory infections and tuberculosis,Rate,2018,109.49828911597533,138.9323792338842,85.89950236465852
Deaths,Democratic Republic of the Congo,Both,All Ages,Other infectious diseases,Rate,2018,19.58752928023867,33.38544554311845,11.992977242303997
Deaths,Costa Rica,Both,All Ages,Other infectious diseases,Rate,2018,1.733571419878138,2.13674756223568,1.3840234631635446
Deaths,Côte d'Ivoire,Both,All Ages,Respiratory infections and tuberculosis,Rate,2018,97.6535424972966,123.41839449197046,73.95758128936731
Deaths,Dominica,Both,All Ages,Respiratory infections and tuberculosis,Rate,2018,47.50621405424846,56.33094418276165,38.97534312539348
Deaths,Dominica,Both,All Ages,Other infectious diseases,Rate,2018,4.922796927997391,6.59562019697913,3.7122597852700228
Deaths,Cuba,Both,All Ages,Other infectious diseases,Rate,2018,1.9897862197643674,2.4406684840383797,1.7001769486334517
Deaths,Côte d'Ivoire,Both,All Ages,Other infectious diseases,Rate,2018,22.457204528307486,39.56748565893091,12.795360396670494
Deaths,Denmark,Both,All Ages,Respiratory infections and tuberculosis,Rate,2018,42.60989429354579,47.350552606167966,35.77660988950779
Deaths,Denmark,Both,All Ages,Other infectious diseases,Rate,2018,1.7583974323856615,2.001520277572661,1.3254465959047668
Deaths,Bulgaria,Both,All Ages,Respiratory infections and tuberculosis,Rate,2018,30.176316463489023,35.817309442865,24.946095821948802
Deaths,Bulgaria,Both,All Ages,Other infectious diseases,Rate,2018,1.8403360585630921,2.32936386039898,1.477351318168458
Deaths,Palau,Both,All Ages,Other infectious diseases,Rate,2018,3.6941622218420536,4.89120943248911,2.8004732546347957
Deaths,Costa Rica,Both,All Ages,Respiratory infections and tuberculosis,Rate,2018,15.26510168213827,18.428292135350045,12.283265681161632
Deaths,Somalia,Both,All Ages,Respiratory infections and tuberculosis,Rate,2018,207.614761694047,276.16608602211903,155.36652181853066
Deaths,Somalia,Both,All Ages,Other infectious diseases,Rate,2018,115.56607900135073,177.7033310720588,68.98204127393528
Deaths,Seychelles,Both,All Ages,Respiratory infections and tuberculosis,Rate,2018,79.49446755514586,89.02603139939849,65.42268393630316
Deaths,Seychelles,Both,All Ages,Other infectious diseases,Rate,2018,10.078850016509737,12.169194891743576,6.8742480326384285
Deaths,Uganda,Both,All Ages,Respiratory infections and tuberculosis,Rate,2018,78.44526840981005,95.53661322192988,63.4043155004582
Deaths,Russian Federation,Both,All Ages,Respiratory infections and tuberculosis,Rate,2018,27.940395588881543,30.46555993570356,25.35844862380649
Deaths,Russian Federation,Both,All Ages,Other infectious diseases,Rate,2018,2.0249189817320437,2.258327193572684,1.7878769506639036
Deaths,Yemen,Both,All Ages,Respiratory infections and tuberculosis,Rate,2018,23.82262787626728,31.11241149317588,17.350321384935214
Deaths,Yemen,Both,All Ages,Other infectious diseases,Rate,2018,9.265578418446502,17.69753528250525,5.006016716703485
Deaths,Switzerland,Both,All Ages,Respiratory infections and tuberculosis,Rate,2018,22.25089965737653,25.097187653732146,18.25505672039767
Deaths,Switzerland,Both,All Ages,Other infectious diseases,Rate,2018,1.9110716776121386,2.2056425194422586,1.3775325838077088
Deaths,Uganda,Both,All Ages,Other infectious diseases,Rate,2018,29.779071888285877,48.580397489440976,17.743244860701694
Deaths,Sweden,Both,All Ages,Respiratory infections and tuberculosis,Rate,2018,28.889517820016373,31.877482932728753,24.384824259990644
Deaths,Republic of Moldova,Both,All Ages,Respiratory infections and tuberculosis,Rate,2018,29.551851248167562,32.15449895663689,26.975304958491062
Deaths,Republic of Moldova,Both,All Ages,Other infectious diseases,Rate,2018,1.685233773266111,1.9290627559362434,1.3771693577915571
Deaths,Sweden,Both,All Ages,Other infectious diseases,Rate,2018,2.2895718997524654,2.770814675344235,1.4688353428156844
Deaths,Tonga,Both,All Ages,Respiratory infections and tuberculosis,Rate,2018,37.89182741080877,45.96238687404912,30.76692897756841
Deaths,Tonga,Both,All Ages,Other infectious diseases,Rate,2018,16.487720735380503,22.05869089154683,12.152102904201032
Deaths,Philippines,Both,All Ages,Respiratory infections and tuberculosis,Rate,2018,79.83397954377989,92.8163725239373,68.4444843641292
Deaths,Philippines,Both,All Ages,Other infectious diseases,Rate,2018,8.86188968845373,12.420671152480313,6.238558894626252
Deaths,Cyprus,Both,All Ages,Respiratory infections and tuberculosis,Rate,2018,12.731906524017601,15.505849192982204,10.962717197106958
Deaths,Cyprus,Both,All Ages,Other infectious diseases,Rate,2018,0.8064613801991892,0.9201480090917565,0.7100534153558664
Deaths,Chad,Both,All Ages,Respiratory infections and tuberculosis,Rate,2018,166.78304204363175,206.63302344304986,132.99816969530625
Deaths,Chad,Both,All Ages,Other infectious diseases,Rate,2018,76.22309623618276,125.29721714525574,47.01560814792491
Deaths,Hungary,Both,All Ages,Respiratory infections and tuberculosis,Rate,2018,13.452328649118321,15.203350782294205,11.698579426839895
Deaths,Hungary,Both,All Ages,Other infectious diseases,Rate,2018,1.160837618397268,1.3719183485011768,0.9805265050264257
Deaths,Iran (Islamic Republic of),Both,All Ages,Respiratory infections and tuberculosis,Rate,2018,13.102061488955895,13.94258633421912,11.730508897540682
Deaths,Iran (Islamic Republic of),Both,All Ages,Other infectious diseases,Rate,2018,2.348620031923419,2.641817701171019,2.0084241517283346
Deaths,Zambia,Both,All Ages,Respiratory infections and tuberculosis,Rate,2018,87.47731953945872,106.91956649029895,70.96665714352018
Deaths,Zambia,Both,All Ages,Other infectious diseases,Rate,2018,19.569018763276738,27.54958833687489,14.431391042359353
Deaths,Ghana,Both,All Ages,Respiratory infections and tuberculosis,Rate,2018,87.84899161977509,104.33199365388404,72.52884438225087
Deaths,Ghana,Both,All Ages,Other infectious diseases,Rate,2018,19.041382131228172,26.44548197687356,13.230826674391272
