Country Name,"Hospital beds (per 1,000 people)"
Afghanistan,0.4
Albania,2.6
Algeria,..
American Samoa,..
Andorra,..
Angola,..
Antigua and Barbuda,2.1
Arab World,1.16022306555643
Argentina,4.5
Armenia,3.7
Aruba,..
Australia,3.8
Austria,7.7
Azerbaijan,4.6
"Bahamas, The",2.9
Bahrain,1.7
Bangladesh,0.6
Barbados,..
Belarus,11.3
Belgium,6.4
Belize,1.1
Benin,..
Bermuda,..
Bhutan,1.8
Bolivia,1.1
Bosnia and Herzegovina,3.5
Botswana,..
Brazil,2.3
British Virgin Islands,..
Brunei Darussalam,2.79
Bulgaria,6.4
Burkina Faso,..
Burundi,1.9
Cabo Verde,..
Cambodia,0.7
Cameroon,..
Canada,2.7
Caribbean small states,..
Cayman Islands,..
Central African Republic,1
Central Europe and the Baltics,6.42078150700081
Chad,..
Channel Islands,..
Chile,2.1
China,3.8
Colombia,1.4
Comoros,..
"Congo, Dem. Rep.",..
"Congo, Rep.",..
Costa Rica,1.2
Cote d'Ivoire,..
Croatia,5.7
Cuba,5.1
Curacao,..
Cyprus,3.5
Czech Republic,6.8
Denmark,3.1
Djibouti,1.4
Dominica,3.8
Dominican Republic,1.7
Early-demographic dividend,1.22528130698441
East Asia & Pacific,3.54985610924148
East Asia & Pacific (IDA & IBRD countries),3.55538825918737
East Asia & Pacific (excluding high income),3.55538825918737
Ecuador,1.6
"Egypt, Arab Rep.",0.5
El Salvador,1
Equatorial Guinea,..
Eritrea,0.7
Estonia,5.3
Eswatini,2.1
Ethiopia,6.3
Euro area,5.64364116566636
Europe & Central Asia,5.85512649445065
Europe & Central Asia (IDA & IBRD countries),6.51705824956082
Europe & Central Asia (excluding high income),6.55022516922816
European Union,5.72207867432853
Faroe Islands,..
Fiji,2.3
Finland,5.5
Fragile and conflict affected situations,..
France,6.6
French Polynesia,..
Gabon,..
"Gambia, The",1.1
Georgia,2.8
Germany,8.2
Ghana,0.9
Gibraltar,..
Greece,4.5
Greenland,..
Grenada,3.5
Guam,..
Guatemala,0.6
Guinea,0.3
Guinea-Bissau,..
Guyana,..
Haiti,..
Heavily indebted poor countries (HIPC),..
High income,4.09247588494782
Honduras,0.7
"Hong Kong SAR, China",..
Hungary,7.2
IBRD only,2.60873248166865
IDA & IBRD total,2.46053303145875
IDA blend,..
IDA only,..
IDA total,..
Iceland,3.3
India,0.7
Indonesia,..
"Iran, Islamic Rep.",1.7
Iraq,1.3
Ireland,2.9
Isle of Man,..
Israel,3.1
Italy,3.5
Jamaica,..
Japan,..
Jordan,1.8
Kazakhstan,7.1
Kenya,..
Kiribati,1.3
"Korea, Dem. Peopleâ€™s Rep.",..
"Korea, Rep.",..
Kosovo,..
Kuwait,1.9
Kyrgyz Republic,4.7
Lao PDR,..
Late-demographic dividend,3.93671409160297
Latin America & Caribbean,2.0045724297313
Latin America & Caribbean (excluding high income),1.99334983308024
Latin America & the Caribbean (IDA & IBRD countries),1.94242773930726
Latvia,5.9
Least developed countries: UN classification,..
Lebanon,3.5
Lesotho,..
Liberia,..
Libya,3.7
Liechtenstein,..
Lithuania,7.4
Low & middle income,2.41515767125909
Low income,..
Lower middle income,0.987603373574623
Luxembourg,5.3
"Macao SAR, China",..
Madagascar,..
Malawi,1.3
Malaysia,1.79
Maldives,..
Mali,..
Malta,4.4
Marshall Islands,..
Mauritania,..
Mauritius,3.4
Mexico,1.5
"Micronesia, Fed. Sts.",..
Middle East & North Africa,1.35669311177354
Middle East & North Africa (IDA & IBRD countries),1.23330757247811
Middle East & North Africa (excluding high income),1.23330757247811
Middle income,2.39575160350553
Moldova,6.2
Monaco,16.46
Mongolia,6.75
Montenegro,4
Morocco,0.9
Mozambique,0.7
Myanmar,..
Namibia,..
Nauru,..
Nepal,..
Netherlands,..
New Caledonia,..
New Zealand,2.3
Nicaragua,1.1
Niger,..
Nigeria,..
North America,2.88014472098771
North Macedonia,4.5
Northern Mariana Islands,..
Norway,4.2
Not classified,..
OECD members,3.67678747786914
Oman,1.8
Other small states,..
Pacific island small states,..
Pakistan,0.6
Palau,..
Panama,2.2
Papua New Guinea,..
Paraguay,1.3
Peru,1.5
Philippines,1
Poland,6.5
Portugal,3.4
Post-demographic dividend,4.47785974208045
Pre-demographic dividend,..
Puerto Rico,..
Qatar,1.2
Romania,6.1
Russian Federation,8.6
Rwanda,..
Samoa,..
San Marino,3.85
Sao Tome and Principe,2.9
Saudi Arabia,2.1
Senegal,..
Serbia,5.6
Seychelles,3.6
Sierra Leone,..
Singapore,2
Sint Maarten (Dutch part),..
Slovak Republic,6.1
Slovenia,4.6
Small states,..
Solomon Islands,..
Somalia,..
South Africa,..
South Asia,0.674261834507074
South Asia (IDA & IBRD),0.674261834507074
South Sudan,..
Spain,3.1
Sri Lanka,..
St. Kitts and Nevis,4.8
St. Lucia,1.6
St. Martin (French part),..
St. Vincent and the Grenadines,2.7
Sub-Saharan Africa,..
Sub-Saharan Africa (IDA & IBRD countries),..
Sub-Saharan Africa (excluding high income),..
Sudan,0.8
Suriname,..
Sweden,2.7
Switzerland,4.9
Syrian Arab Republic,1.6
Tajikistan,4.9
Tanzania,..
Thailand,..
Timor-Leste,..
Togo,0.7
Tonga,..
Trinidad and Tobago,..
Tunisia,2.1
Turkey,2.5
Turkmenistan,7.5
Turks and Caicos Islands,..
Tuvalu,..
Uganda,..
Ukraine,9
United Arab Emirates,1.1
United Kingdom,2.9
United States,2.9
Upper middle income,3.60425122043187
Uruguay,3
Uzbekistan,4.3
Vanuatu,..
"Venezuela, RB",0.9
Vietnam,..
Virgin Islands (U.S.),..
West Bank and Gaza,..
World,2.70448810635802
"Yemen, Rep.",0.7
Zambia,..
Zimbabwe,1.7
